perfume_id,winter,spring,summer,fall
0,48,92,92,56
1,87.5,100,62.5,81.25
2,33.3333,83.3333,66.6667,66.6667
3,80.9524,38.0952,33.3333,100
4,5.55556,94.4444,100,27.7778
5,12.9032,100,51.6129,25.8065
6,92,88,74,100
7,100,25,6.25,68.75
8,69.5652,86.9565,73.913,100
9,14.4828,86.8966,100,21.7241
10,89.2423,41.6277,23.9476,78.9523
11,90.184,35.8896,21.4724,100
12,22.2222,75.2137,100,38.4615
13,100,61.5385,23.0769,96.1538
14,34.965,43.3566,63.6364,72.028
15,13.7405,100,83.2061,23.6641
16,26.9231,100,76.9231,38.4615
17,26.9231,96.1538,100,57.6923
18,13.5678,81.407,95.9799,21.1055
19,4.69484,60.0939,100,9.85915
20,11.0294,63.6029,90.3186,28.5948
21,33.3333,66.6667,66.6667,33.3333
22,14.7157,81.9398,100,32.4415
23,12.069,39.6552,100,18.9655
24,24.8908,70.4512,49.9272,52.8384
25,15.0442,100,97.3451,20.354
26,36.4444,100,47.5556,76.4444
27,10.5263,36.8421,94.7368,14.0351
28,43.0233,83.1395,56.3953,59.8837
29,20.0297,86.6469,82.7893,37.2404
30,62.2951,54.0984,27.8689,86.8852
31,69.75,63.75,37.75,86.5
32,12.2449,100,86.7347,19.3878
33,6.37255,69.1176,100,13.2353
34,87.3418,35.443,23.4177,91.7722
35,50,100,100,33.3333
36,42.132,87.3096,56.599,68.5279
37,55.2632,92.1053,68.4211,94.7368
38,50,100,100,66.6667
39,42.8571,100,28.5714,42.8571
40,25.4237,98.3051,84.7458,49.1525
41,22.7273,88.6364,70.4545,47.7273
42,72.6316,56.8421,48.4211,100
43,12.766,84.0426,96.8085,24.4681
44,18.4416,100,72.7273,32.987
45,20.2899,78.9855,88.4058,30.4348
46,13.2296,82.1012,100,28.0156
47,27.2727,100,54.5455,27.2727
48,33.7209,88.3721,100,46.5116
49,28.882,100,78.2609,51.5528
50,17.7215,100,79.7468,29.1139
51,71.4286,91.0714,54.7619,100
52,20.4918,100,79.5082,39.3443
53,55.7692,73.0769,59.6154,76.9231
54,20.0274,78.2579,75.9259,41.1523
55,0,100,66.6667,11.1111
56,25.8883,100,99.2386,47.9695
57,13.1868,91.2088,86.8132,26.3736
58,40,95,60,55
59,23.3577,100,86.8613,32.8467
60,19.3548,100,83.871,35.4839
61,42.8571,64.2857,57.1429,42.8571
62,72.9805,63.5097,38.7187,95.2646
63,32.5,87.2368,52.7632,46.7105
64,17.2414,100,90.1478,25.6158
65,6.18557,45.3608,93.8144,14.433
66,29.1845,86.6953,100,76.824
67,23.3333,100,70,53.3333
68,27.1429,85.7143,72.8571,31.4286
69,15.6716,52.5373,92.3881,19.8507
70,27.2727,100,72.7273,22.7273
71,34.2037,77.8068,50.6527,61.8799
72,7.00483,92.7536,83.8164,10.8696
73,39.1304,100,88.0435,78.2609
74,58.3333,33.3333,50,83.3333
75,100,62.5,25,100
76,22.2222,88.8889,62.963,51.8519
77,61.7647,82.3529,50,100
78,7.27273,100,58.1818,21.8182
79,87.5,97.5,92.5,95
80,11.4754,99.1803,92.623,24.5902
81,79.7468,73.4177,37.9747,100
82,9.00901,49.5495,100,12.6126
83,7.84314,60.7843,100,21.5686
84,35.5388,79.206,70.3214,41.966
85,7.14286,83.3333,54.7619,19.0476
86,26.7606,100,62.6761,35.2113
87,83.3333,60.7143,24.4048,100
88,42.7536,76.087,57.971,43.4783
89,55.9353,85.0719,43.8849,61.5108
90,2.66667,76,100,17.3333
91,77.7512,39.9522,24.1627,100
92,83.3333,41.6667,36.1111,94.4444
93,19.0476,73.8095,76.1905,42.8571
94,89.2045,31.0606,13.2576,100
95,55.5556,77.7778,64.4444,95.5556
96,40,81.4286,57.1429,57.1429
97,94.9153,30.5085,15.2542,100
98,33.3333,83.3333,100,66.6667
99,4.54545,86.3636,86.3636,13.6364
100,87.8143,91.2959,62.089,100
101,47.8261,89.1304,63.0435,58.1522
102,20,70.7692,66.1538,72.3077
103,36.7439,88.6969,61.6315,51.9184
104,27.5,87.5,100,35
105,81.7561,25.0732,14.9268,100
106,9.28962,99.2714,77.4135,19.49
107,35.5465,92.8498,83.2482,60.2656
108,93.3333,21.9048,13.3333,100
109,28.2051,100,92.3077,48.7179
110,6.92641,51.9481,100,17.316
111,14.6875,90.3125,75,29.0625
112,94.9254,78.209,37.3134,100
113,95.4167,58.5417,28.5417,100
114,35.2113,100,73.9437,61.2676
115,21.4286,92.8571,85.7143,35.7143
116,88.8889,38.8889,16.6667,100
117,13.3333,73.3333,66.6667,93.3333
118,100,64.1397,39.7295,98.9305
119,36.3636,100,88.0682,56.25
120,24.8021,93.1398,61.6095,32.5858
121,9.55166,83.2359,96.4912,32.9435
122,100,50.7677,27.4309,95.7011
123,32.5581,88.3721,67.4419,69.7674
124,12.5,100,95.8333,29.1667
125,43.4783,100,56.5217,45.6522
126,12.3668,84.8935,82.9148,22.8311
127,34.5528,78.0488,83.0793,36.2805
128,13.2812,100,90.625,24.2188
129,14.6853,97.9021,72.028,39.8601
130,0,100,90,5
131,80.7407,84.4444,52.5926,100
132,10.119,85.4167,97.619,26.4881
133,13.3333,88.3333,41.6667,21.6667
134,12.8623,70.2899,100,20.5314
135,75.9124,59.1241,35.0365,100
136,33.9638,90.7042,58.3501,64.2656
137,3.8961,76.6234,100,10.3896
138,4.46097,46.4684,100,9.66543
139,96.9697,38.8889,19.1919,79.2929
140,26.3158,100,57.8947,26.3158
141,87.037,68.5185,29.6296,100
142,50,82.5,50,70
143,5,50,70,25
144,7.54098,74.7541,75.4098,10.4918
145,24.4019,97.1292,100,58.8517
146,19.1057,93.9024,72.7642,26.8293
147,27.2727,78.7879,100,42.4242
148,43.0255,74.558,67.2888,74.2633
149,10,80,100,40
150,9.82143,76.7857,100,23.2143
151,1.48515,45.0495,100,7.92079
152,5.66038,90.2516,90.566,16.6667
153,19.3548,86.2903,84.6774,36.2903
154,29.8761,100,83.1574,48.0955
155,14.2857,42.8571,14.2857,100
156,13.9942,64.4315,97.6676,20.1166
157,13.6167,78.9625,98.9914,26.585
158,57.8947,73.6842,100,63.1579
159,12.7918,77.1242,100,23.5294
160,6.52174,51.6304,100,11.413
161,28.5437,88.5437,73.3981,55.9223
162,89.3168,45.9938,26.8944,77.5466
163,26.8456,95.6376,70.1342,36.1298
164,21.9598,86.3517,63.5171,43.4821
165,4.44444,74.4444,100,18.8889
166,11.7359,71.3936,96.577,19.0709
167,10.2845,94.7484,100,13.1291
168,10.325,78.9675,100,26.0038
169,10.5839,78.1022,89.0511,22.2628
170,0,31.5789,100,5.26316
171,10.8033,88.9197,96.3989,27.9778
172,30.4348,56.5217,56.5217,56.5217
173,76,64,28,100
174,10.683,93.6953,70.5779,27.8459
175,10,60,100,30
176,40,91.6667,55,60
177,3.63636,100,90.9091,11.5152
178,36.2283,100,83.871,57.072
179,57.5758,72.7273,54.5455,100
180,83.3333,55.5556,38.8889,100
181,22.2222,100,77.1852,37.037
182,16.129,80.6452,64.5161,22.5806
183,71.0145,75.3623,49.2754,98.5507
184,70.3026,45.2081,22.8878,100
185,16.4557,34.1772,73.4177,26.5823
186,80.5344,46.1832,32.4427,100
187,7.57576,53.0303,100,12.1212
188,6.00858,44.206,100,10.3004
189,9.33333,87.7333,92.5333,18.4
190,5,55,75,15
191,22.8758,79.4118,100,32.6797
192,11.4943,100,57.4713,17.2414
193,100,44.2953,20.8054,97.9866
194,35.231,90.6766,61.4686,55.7756
195,11.2676,89.0845,74.6479,16.1972
196,36.7772,93.7588,83.1453,37.835
197,12.1359,62.1359,100,18.4466
198,70.4835,70.7379,44.7837,100
199,100,21.1078,16.0778,94.5509
200,29.1667,79.1667,72.9167,34.375
201,20,100,74.5455,43.6364
202,5.42636,89.9225,100,17.0543
203,7.57576,79.2929,100,15.1515
204,11.7647,88.2353,41.1765,41.1765
205,83.3333,72.2222,61.1111,100
206,23.8411,96.6887,47.0199,38.4106
207,17.3913,100,47.8261,56.5217
208,18.614,91.9817,63.4021,27.4341
209,26.6667,100,75.5556,40
210,92.3077,85.5769,65.3846,75
211,50.1222,91.198,75.1834,100
212,33.5244,86.8672,53.0086,50.8596
213,47.6636,100,74.7664,73.8318
214,67.3913,72.4638,41.6667,92.7536
215,7.14286,67.8571,100,17.8571
216,97.4359,69.2308,30.0699,100
217,30.6452,37.0968,70.9677,50
218,25,75,75,25
219,24.4964,96.2933,100,34.5689
220,10.3093,81.9588,100,27.8351
221,15.2436,90.1778,80.5312,18.1738
222,14,94,100,18
223,51.8742,66.3845,44.1354,77.9927
224,34.0909,95.4545,56.8182,81.8182
225,7.14286,85.7143,100,14.2857
226,36,88,100,40
227,100,32.8221,18.7117,92.9448
228,40,80,10,80
229,24.1379,100,62.069,41.3793
230,16.1157,100,74.3802,24.7934
231,29.8745,94.8359,89.334,43.9672
232,23.8806,100,74.6269,43.2836
233,11.1765,93.5294,71.1765,24.7059
234,54.8023,93.7853,71.9397,96.6102
235,27.7433,79.7101,85.5072,58.1781
236,48.487,54.3948,70.5331,92.2911
237,90.5138,80.83,38.5375,100
238,64.0553,52.9954,37.788,88.4793
239,6.20843,71.3969,100,12.1951
240,50,100,50,87.5
241,56.2984,74.4186,49.5155,55.814
242,35.6538,100,71.5616,52.0948
243,23.0435,100,75.2174,52.3913
244,100,74.4526,25.5474,63.5036
245,4.7619,61.9048,100,23.8095
246,16.6667,95.8333,87.5,50
247,23.9041,83.5401,97.3532,48.8834
248,10.9756,69.7561,100,18.2927
249,34.0206,89.6907,92.7835,56.701
250,1.12782,54.5113,100,7.5188
251,19.2903,95.0864,65.6051,31.1192
252,58.209,23.8806,23.8806,100
253,11.5702,91.3223,57.438,16.9421
254,84.7458,61.0169,50.8475,93.2203
255,100,68.4359,29.9266,82.7216
256,21.0708,100,71.3299,36.9603
257,46.087,61.7391,80.8696,53.913
258,25.7143,91.4286,94.2857,57.1429
259,82.2034,74.5763,27.9661,100
260,15.6951,89.9664,70.1233,20.2354
261,65.493,68.3099,47.1831,100
262,11.1765,85.7843,76.0784,21.4706
263,41.6667,83.3333,54.1667,45.8333
264,28.7129,90.099,77.2277,49.505
265,70.4545,70.4545,59.0909,100
266,32.6923,76.9231,59.6154,55.7692
267,26.4151,75.4717,63.2075,53.3019
268,17.6829,89.6341,55.4878,43.2927
269,28.8462,100,75,51.9231
270,44.0758,89.6412,50.6432,57.7522
271,13.7755,100,71.5306,34.0816
272,25.6711,85.2349,68.1208,40.9396
273,7.69231,80.7692,76.9231,30.7692
274,15.812,87.8205,81.4103,36.3248
275,46.3148,98.1976,62.0534,62.2787
276,77.7778,66.6667,66.6667,100
277,34.3455,88.8482,43.4555,50.8377
278,32.7869,80.8743,79.5082,41.3479
279,45.2566,86.0031,40.7465,69.6734
280,1.96078,41.6667,95.098,7.35294
281,28.5714,100,73.8095,54.7619
282,26.9231,65.3846,61.5385,46.1538
283,5.66038,73.5849,89.9371,12.5786
284,0,88.8889,66.6667,55.5556
285,11.4187,90.3114,100,22.4913
286,22.5287,94.4828,72.4138,37.7011
287,10.5263,89.4737,94.7368,21.0526
288,39.6066,94.152,40.6699,59.0112
289,51.8519,85.1852,55.5556,53.7037
290,14.121,100,78.098,26.8012
291,10.7692,70.7692,86.1538,27.6923
292,13.7681,92.7536,100,46.3768
293,28.8347,90.0119,82.2235,47.7408
294,13.9764,98.4252,75,27.1654
295,39.6584,79.6964,59.3928,53.7002
296,12.5,88.2812,100,16.4062
297,93.3929,33.2143,17.1429,100
298,5.26316,52.6316,100,21.0526
299,9.94764,100,64.3979,20.9424
300,34.6667,92.6667,62.6667,66
301,11.9497,98.7421,98.1132,23.8994
302,6.25,53.125,93.75,12.5
303,86.7125,67.9267,36.7698,100
304,10.2564,94.8718,43.5897,20.5128
305,55.8442,100,85.7143,74.026
306,30.0076,62.5286,73.4196,44.4783
307,19.2779,84.0599,87.1935,33.515
308,11.9403,83.5821,94.0299,29.8507
309,26.6667,96.6667,86.6667,60
310,13.5731,74.2459,100,17.5174
311,37.8378,62.1622,54.0541,91.8919
312,56.318,82.9289,56.6527,81.0042
313,81.4873,51.2658,26.1076,100
314,51.1111,65.9259,39.2593,72.5926
315,33.9483,90.7749,50.369,63.2841
316,49.9339,94.8481,64.2889,81.0216
317,12.1951,85.3659,92.6829,41.4634
318,32.3077,70.7692,100,56.9231
319,65.5172,88.2759,56.5517,100
320,84.0485,40.1119,27.7052,100
321,33.0472,99.1416,77.2532,65.2361
322,12.6506,54.0663,96.3855,25.3012
323,60.4167,61.4583,48.9583,93.75
324,71.4286,50,21.4286,100
325,7.69231,96.1538,76.9231,23.0769
326,19.0476,88.0952,64.2857,28.5714
327,58.1395,37.2093,6.97674,100
328,15.2256,77.6316,97.5564,22.9323
329,44,69.4286,41.7143,76.2857
330,37.766,100,70.2128,61.1702
331,20,100,80,30
332,81.8182,100,63.6364,81.8182
333,23.8095,88.0952,97.619,47.619
334,14.7453,95.7105,84.4504,20.6434
335,6.04534,78.5894,100,14.8615
336,57.4468,100,78.2506,82.7423
337,89.5062,32.0988,16.0494,100
338,18.9024,90.2439,94.5122,51.8293
339,20.5364,82.7586,68.2759,24.751
340,89.9123,65.3509,39.0351,100
341,24.8649,100,85.9459,41.6216
342,14.6552,81.0345,65.5172,30.1724
343,51.5152,57.5758,42.4242,100
344,20.6239,100,86.1352,26.3432
345,13.0241,72.8164,98.4569,21.4674
346,26.6667,83.3333,71.6667,43.3333
347,6.90483,75.3883,99.7741,12.1152
348,68,81.3333,34.6667,100
349,18.3824,100,60.2941,36.7647
350,85.6722,56.7048,31.0291,100
351,39.0244,78.0488,26.8293,97.561
352,14.467,96.7005,100,52.5381
353,92.3077,61.5385,46.1538,92.3077
354,61.5385,38.4615,7.69231,92.3077
355,76,68,44,100
356,10.989,93.4066,100,17.5824
357,9.17431,62.3853,100,12.844
358,25,78.125,90.625,40.625
359,78.1818,72.7273,32.7273,100
360,17.9487,71.7949,87.1795,43.5897
361,69.6517,75.6219,31.8408,100
362,91.2742,38.2522,22.495,83.0687
363,47.4104,77.6892,47.8088,53.3865
364,32.3944,67.6056,46.4789,60.5634
365,9.69388,71.4286,100,18.8776
366,5.34125,76.2611,92.5816,12.1662
367,6.70732,75,100,16.4634
368,100,23.5294,5.88235,58.8235
369,21.9949,73.4015,86.1893,29.6675
370,11.7647,100,91.1765,38.2353
371,20.7921,100,91.0891,41.5842
372,13.1213,83.3002,68.9861,27.0378
373,23.6585,100,88.5366,39.5122
374,6.08974,65.3846,100,15.2244
375,46.9828,97.8448,81.4655,61.2069
376,81.8182,72.7273,54.5455,90.9091
377,17.8224,100,76.1217,38.5315
378,16.6667,97.9167,93.75,31.25
379,23.2558,67.4419,100,37.2093
380,100,41.1765,29.4118,82.3529
381,6.72691,47.7912,100,11.0442
382,16.6667,100,50,26.6667
383,71.5517,53.4483,30.1724,100
384,43.2099,94.0329,72.428,95.4733
385,1.07527,35.4839,100,6.98925
386,7.45856,51.105,100,11.0497
387,9.67742,61.2903,80.6452,6.45161
388,11.1111,73.3333,40,8.88889
389,49.2308,100,81.5385,83.0769
390,85.7988,42.6036,30.7692,100
391,22.7273,97.7273,77.2727,54.5455
392,34.6535,98.5149,71.7822,56.4356
393,4.59364,57.2438,100,8.83392
394,90.7609,90.2174,51.6304,100
395,29.7297,54.0541,62.1622,75.6757
396,89.9329,53.0201,34.8993,85.2349
397,6.13497,41.9632,100,9.44785
398,8.81226,60.1533,100,15.3257
399,88.1148,53.2787,34.0164,100
400,16.6667,83.3333,38.8889,16.6667
401,13.1579,89.4737,94.7368,71.0526
402,98.7365,24.5487,16.065,100
403,33.3333,94.4444,83.3333,88.8889
404,25.5983,84.1831,62.9553,43.8085
405,27.2727,94.5455,66.3636,48.1818
406,24.1379,75.8621,58.6207,27.5862
407,27.2727,75.7576,78.7879,69.697
408,26.4822,100,96.8379,54.1502
409,61.1111,100,44.4444,66.6667
410,12.5,12.5,87.5,37.5
411,30,95,55,40
412,8.67925,69.0566,100,17.3585
413,30.4999,88.1315,53.0607,54.0497
414,9.17431,68.8073,85.3211,23.8532
415,28.0702,100,56.1404,52.6316
416,16.0279,100,92.6829,36.9338
417,14.1176,75.2941,71.7647,17.6471
418,8.92019,89.9061,100,15.493
419,52.4476,86.3636,90.5594,82.3427
420,100,56.4057,25.089,96.9751
421,44.3983,95.4357,88.7967,100
422,99.4962,41.5617,24.6851,100
423,100,29.7009,13.6752,97.2222
424,4.68227,49.1639,100,11.7057
425,11.054,71.2082,100,16.7095
426,21.4286,78.5714,50,21.4286
427,6.20155,51.938,98.4496,8.52713
428,85.0746,71.6418,40.2985,89.5522
429,89.2473,55.914,32.2581,100
430,12.7854,100,83.5616,19.6347
431,85.1942,100,53.6408,100
432,75,43.75,43.75,56.25
433,16,74,60,28
434,9.39597,95.0783,89.2617,19.2394
435,83.3333,60.4167,35.4167,100
436,66.6667,83.3333,50,100
437,19.4444,100,96.5278,40.9722
438,8.69565,78.2609,65.2174,21.7391
439,99.0423,63.9866,41.6815,100
440,7.20721,80.8559,100,16.8919
441,43.7866,96.3565,49.447,55.4327
442,23.6559,95.1613,75.8065,29.0323
443,15.9292,91.1013,78.9577,19.469
444,41.1765,88.2353,100,52.9412
445,27.5108,86.0126,89.2609,46.7683
446,5.97015,67.1642,100,8.95522
447,21.1416,90.9091,65.0106,31.0782
448,13.9241,94.9367,100,32.9114
449,19.6429,100,67.8571,45.5357
450,12.6856,40.081,100,30.0945
451,31.0263,75.895,89.2601,85.4415
452,62.1019,70.0637,47.7707,84.0764
453,18.1818,72.7273,100,54.5455
454,14,92,82,30
455,70.377,77.9174,33.5727,84.3806
456,76,32,32,84
457,37.4194,100,84.8387,62.2581
458,61.4286,87.1429,37.619,100
459,75,25,20.8333,50
460,22.5806,93.5484,90.3226,29.0323
461,77.314,46.098,28.8566,100
462,60.6154,78.7692,44.6154,96.9231
463,22.1623,69.4527,85.333,35.697
464,5.75342,50.9589,100,11.5068
465,76.9333,73.4667,57.0667,89.2
466,90.2174,23.913,15.2174,100
467,5.26316,64.9123,83.3333,14.9123
468,54.375,75,35,100
469,6.77966,72.8814,87.2881,14.4068
470,35.6322,82.7586,55.1724,55.1724
471,17.2973,100,84.8649,25.9459
472,8.33333,58.3333,100,16.6667
473,75.4717,94.3396,41.5094,47.1698
474,15.2174,58.6957,67.3913,30.4348
475,86.1111,47.2222,13.8889,100
476,17.1429,100,85.7143,28.5714
477,18.9711,94.5338,75.8842,40.1929
478,100,40.0385,18.3349,97.4013
479,20.7071,100,77.2727,33.3333
480,28.2734,98.4173,78.1295,40
481,9.60452,100,64.2655,15.9605
482,70,60,60,50
483,4.34783,78.2609,65.2174,60.8696
484,85.124,63.6364,39.6694,100
485,89.2157,69.6078,40.1961,100
486,7.55287,65.861,100,13.5952
487,14.5833,70.8333,93.75,35.4167
488,59.434,92.4528,67.9245,82.0755
489,90.4762,85.7143,42.8571,100
490,30,70,100,30
491,84.7328,59.542,24.4275,100
492,7.47664,43.9252,100,11.215
493,93.3333,70,56.6667,100
494,21.3333,82.6667,78.6667,54.6667
495,31.5789,52.6316,84.2105,57.8947
496,7.87402,100,77.9528,24.4094
497,23.3156,100,60.7853,43.4319
498,65.8385,83.8509,76.3975,100
499,34.5061,98.5115,63.1935,40.3248
500,2.12766,68.0851,100,14.8936
501,4.7619,95.2381,64.2857,16.6667
502,15.3179,91.3295,100,41.9075
503,25,60,60,20
504,92.8797,68.8291,29.5886,100
505,25.6684,91.9786,73.262,43.3155
506,12.5,95,90,17.5
507,86.7704,31.3878,15.8236,100
508,81.9695,65.8807,34.5354,92.6491
509,86.6667,80,30,100
510,43.6893,86.4078,65.0485,82.5243
511,15.7143,78.5714,100,40
512,25,100,73.8889,51.6667
513,11.6586,67.3246,100,15.1945
514,24.1758,94.5055,89.011,35.1648
515,21.4286,85.7143,50,71.4286
516,64.1989,100,64.3094,86.1878
517,80.8442,90.5844,47.7273,100
518,7.56881,80.7339,100,25.9174
519,5.74713,50.9579,100,9.83397
520,11.6564,75.4601,74.8466,21.4724
521,11.658,95.3368,100,32.1244
522,31.1594,79.7101,83.3333,67.3913
523,54.5455,36.3636,18.1818,45.4545
524,6.89655,93.1034,74.7126,17.2414
525,12.1951,100,85.3659,19.5122
526,5.45455,89.0909,92.7273,20
527,32.3529,100,100,52.9412
528,30.7692,100,32.3077,60
529,16.0142,100,88.6121,39.8577
530,17.414,93.0136,88.8425,24.9218
531,22.2222,70.3704,70.3704,22.2222
532,17.7778,62.2222,100,40
533,95.6287,20.8653,18.1613,90.7616
534,18.75,68.75,50,12.5
535,100,85.4708,44.4805,98.6201
536,11.2033,72.9253,100,18.6722
537,38.0531,82.3009,98.2301,56.6372
538,46.2366,74.1935,45.1613,77.4194
539,10.4478,93.5323,73.1343,21.8905
540,4.91803,78.6885,68.8525,8.19672
541,100,39.8714,18.2208,85.3162
542,21.6216,100,75.6757,68.9189
543,29.8246,100,66.6667,59.0643
544,3.44828,100,96.5517,13.7931
545,14.2857,67.3469,100,46.9388
546,6.92308,91.2308,100,16.1538
547,19.4969,92.2432,100,46.9602
548,15.748,83.4646,65.3543,25.9843
549,72.1951,76.0976,49.2683,92.6829
550,47.9723,98.4174,75.5687,76.9535
551,16.8724,100,86.0082,25.7202
552,25.3304,99.3392,86.1233,70.0441
553,69.2308,84.6154,73.0769,96.1538
554,84.3284,70.1493,33.5821,100
555,19.8157,100,90.7834,36.4055
556,45.5331,100,45.5331,68.5879
557,23.7624,100,95.0495,42.5743
558,25.7669,97.7505,73.6196,44.7853
559,80.8581,79.538,42.9043,100
560,18.6813,94.5055,59.3407,20.8791
561,34.8837,98.8372,94.186,70.3488
562,31.5789,73.6842,84.2105,42.1053
563,40,100,60,73.3333
564,20.4545,97.7273,95.4545,22.7273
565,53.4759,65.2406,49.7326,97.3262
566,11.7647,100,98.0392,39.2157
567,8.82353,100,85.2941,35.2941
568,8.33333,98.3333,100,23.3333
569,61.9718,100,53.5211,69.0141
570,9.30233,88.3721,72.093,23.2558
571,15.25,75.25,100,39.5
572,86.7143,29.9808,26.1879,77.4451
573,74.6119,70.6849,42.6484,77.8082
574,7.40741,85.1852,70.3704,14.8148
575,4.87805,60.9756,70.7317,21.9512
576,77.2656,63.9062,28.9062,100
577,41.1504,99.115,74.7788,66.8142
578,22.8571,74.2857,68.5714,40
579,31.5789,66.1654,57.1429,34.5865
580,14.5455,67.2727,100,29.0909
581,47.74,84.0332,48.3819,63.5731
582,75.8065,90.3226,54.8387,91.9355
583,68.6747,100,62.6506,74.6988
584,11.4583,86.9792,100,22.9167
585,9.27835,91.2371,100,19.0722
586,9.02778,93.0556,100,23.6111
587,7.56076,73.7174,100,14.3114
588,10.9453,86.8159,96.7662,19.9005
589,9.92584,97.6041,94.4096,20.194
590,21.9791,100,75.0714,43.5775
591,28.5714,97.7444,83.0827,58.6466
592,97.603,23.6991,15.2324,84.7058
593,81.1789,76.4632,46.3018,100
594,20.3704,74.0741,74.0741,35.1852
595,28.6416,98.2099,87.9607,53.0362
596,94.1935,21.2903,10.9677,100
597,99.0476,29.5238,22.8571,82.8571
598,100,68.0851,53.1915,91.4894
599,11.1111,80.5556,100,25
600,5.88235,100,76.4706,52.9412
601,16.3717,95.2212,100,33.0973
602,5.26316,70.3008,96.6165,13.9098
603,13.3333,86.6667,56.6667,56.6667
604,43.038,59.4937,73.4177,50.6329
605,15.7233,93.7107,94.9686,28.9308
606,82.6087,34.7826,26.087,100
607,17.7419,99.1935,93.5484,42.7419
608,14.9385,100,91.5641,26.5378
609,50.9804,100,70.5882,97.549
610,63.3333,100,83.3333,46.6667
611,16.5138,91.7431,100,43.1193
612,100,55.2632,23.6842,89.4737
613,100,56.6265,29.5181,96.3855
614,50.4505,87.3874,74.7748,81.982
615,99.2681,39.8902,22.4154,100
616,6.28571,81.1429,100,12.5714
617,13.253,91.5663,91.5663,39.759
618,59.5745,100,55.3191,87.234
619,23.1857,86.3336,61.4515,39.3025
620,100,44.1176,8.82353,100
621,75,37.5,37.5,81.25
622,83.6364,54.5455,25.4545,98.1818
623,10.5263,100,95.7895,17.8947
624,12.9032,100,70.9677,16.129
625,15.2174,95.6522,76.087,32.6087
626,85.7143,100,71.4286,100
627,2.85714,57.1429,100,14.2857
628,89.6247,27.1523,12.8035,100
629,19.7259,93.2658,91.8951,32.5983
630,37.5,100,56.4189,55.4054
631,100,48.6667,18,99.3333
632,91.6168,64.2715,31.5369,100
633,20,90,80,60
634,10.5769,100,82.6923,24.5192
635,8.22511,89.1775,86.1472,16.8831
636,80.402,62.8141,31.2814,69.598
637,98.3607,42.623,16.3934,100
638,13.9037,89.0909,87.3797,22.246
639,20.283,83.9623,90.0943,47.6415
640,33.3333,100,71.4286,61.9048
641,25.7862,100,85.5346,51.5723
642,21.4521,93.3993,94.7195,54.1254
643,61.9048,52.381,100,90.4762
644,100,27.1726,13.5863,89.5961
645,100,38.8889,25,69.4444
646,18.9441,96.6874,87.5776,32.8157
647,23.4043,78.7234,68.0851,63.8298
648,88.632,56.0694,20.4239,100
649,100,24.8639,11.4338,95.4628
650,2.73224,43.7158,100,6.01093
651,4.07609,59.2391,100,10.0543
652,38.0531,100,75.2212,56.6372
653,22.0676,100,73.4261,37.5746
654,23.5294,82.3529,64.7059,52.9412
655,12.6794,81.8182,100,51.1962
656,25,82.1429,66.0714,33.9286
657,12.9911,60.2028,100,17.1103
658,19.2356,100,40.0083,32.6548
659,39.2739,100,61.3861,70.297
660,9.65058,100,94.1764,20.4659
661,85.7143,38.0952,14.2857,100
662,9.43396,88.6792,58.4906,16.9811
663,11.6279,76.7442,100,26.7442
664,68.306,98.5168,74.0827,100
665,92,32,12,100
666,88.3239,17.0245,15.4049,70.1695
667,7.40741,74.0741,62.963,14.8148
668,25.1938,100,63.5659,32.5581
669,12.5,50,68.75,37.5
670,68.4211,100,94.7368,84.2105
671,57.8947,97.3684,57.8947,97.3684
672,62.2881,92.3729,48.7288,100
673,6.81818,85.2273,88.6364,31.8182
674,0,40.9091,100,9.09091
675,18.75,69.3182,65.3409,30.6818
676,39.4231,81.7308,49.0385,74.0385
677,50,69.2308,80.7692,69.2308
678,83.3333,33.3333,55.5556,72.2222
679,15,100,85,30
680,56,100,56,56
681,26.435,96.8278,82.7795,63.2931
682,10.3448,100,96.5517,37.931
683,100,85.7143,57.1429,100
684,22.5806,100,90.3226,61.2903
685,22.7273,95.4545,72.7273,45.4545
686,47.8723,89.7163,58.5106,81.5603
687,96.0199,56.7993,28.0265,99.5854
688,23.2877,100,98.6301,56.1644
689,91.0053,94.709,49.7354,83.3862
690,38.1073,89.9369,81.2934,76.9401
691,100,40.239,25.0996,95.6175
692,4.38596,38.5965,99.1228,10.5263
693,11.6667,40,81.6667,11.6667
694,7.84314,45.098,100,19.6078
695,19.4631,88.7736,71.0799,42.77
696,36.8627,98.4314,75.6863,96.0784
697,23.5294,92.1569,72.549,43.1373
698,9.09091,84.8485,100,15.1515
699,72.8571,60,28.5714,100
700,78.1437,79.3413,44.6108,100
701,15.1741,100,83.209,27.6119
702,10,67.7128,95.4787,16.1702
703,10.7607,70.872,98.8868,17.8108
704,85.6383,32.0922,20.1143,69.2671
705,74.359,77.5641,28.2051,100
706,10.3093,100,86.0825,27.8351
707,28.1496,91.3386,57.6772,56.1024
708,67.2414,68.9655,55.1724,98.2759
709,10,80,85,10
710,89.8342,35.328,15.7174,100
711,42.7673,94.4969,61.3208,78.4591
712,11.3866,100,85.5769,17.6113
713,66.6667,100,88.8889,66.6667
714,84.7328,74.0458,39.6947,100
715,79.9197,82.3293,38.755,98.3936
716,20.8589,100,80.9816,43.5583
717,44.8763,70.4947,55.6537,89.576
718,12.766,100,78.7234,26.5957
719,22.2222,44.4444,33.3333,55.5556
720,82.6713,73.8192,54.0663,76.0244
721,14.7808,81.2436,100,27.1152
722,90,42.5,19.1667,100
723,11.8881,92.7739,94.1725,24.4755
724,18.1818,100,54.5455,52.7273
725,4.22535,81.6901,100,18.3099
726,13.4228,85.906,77.5168,18.1208
727,7.84314,62.7451,70.5882,17.6471
728,100,9.27152,7.28477,50.9934
729,100,47.4576,37.2881,84.7458
730,97.1429,33.1429,16.5714,100
731,11.9403,82.0896,74.6269,28.3582
732,22.4806,90.1163,80.6202,39.3411
733,14.7826,93.913,100,28.6957
734,63.5417,82.1181,54.1667,97.3958
735,98.4615,61.5385,29.2308,100
736,21.0489,96.6236,99.9282,31.8247
737,93.75,43.75,18.75,100
738,38.8889,88.8889,88.8889,50
739,2.63158,36.8421,84.2105,5.26316
740,6.74157,82.0225,100,17.9775
741,46.4286,76.7857,58.9286,66.0714
742,85.0746,56.7164,37.3134,85.8209
743,22.5806,80.6452,83.871,54.8387
744,5,80,92.5,22.5
745,92.7928,78.3784,56.3063,100
746,90.1961,43.6275,25.4902,100
747,8.95522,65.6716,100,11.9403
748,52.451,75.4902,46.5686,68.6275
749,32.3529,97.0588,79.4118,64.7059
750,42.5532,53.1915,51.0638,70.2128
751,7.63674,65.6347,100,16.6151
752,45.1613,100,70.9677,69.3548
753,93.4494,29.1596,24.3309,85.6261
754,86.6667,69.3333,64,96
755,19.7368,100,67.1053,61.8421
756,100,16.6667,16.6667,87.5
757,15.2672,86.2595,100,35.8779
758,75.9901,97.7723,63.8614,92.5743
759,88.0232,28.2679,18.6091,86.2202
760,47.7727,98.6943,58.4485,80.9524
761,2.78746,34.8432,100,5.92334
762,94.1722,74.0397,47.7483,100
763,13.7255,100,65.1261,18.9076
764,11.2245,82.6531,90.8163,21.4286
765,36.8664,84.3318,67.2811,80.6452
766,36.3636,93.5065,46.7532,55.8442
767,99.5526,36.3535,17.8971,93.2886
768,9.09091,85.0746,100,22.7951
769,40.1674,97.4895,51.2552,69.2469
770,66.1238,88.5993,57.9805,100
771,13.0435,73.913,86.9565,23.1884
772,79.9472,57.2559,24.8021,100
773,50.237,94.3128,58.7678,89.0995
774,23.1884,100,68.1159,27.5362
775,12.2392,91.9332,97.7747,26.5647
776,11.4286,79.5918,96.8571,18.2041
777,100,41.3793,20.1149,96.5517
778,86.7257,46.2389,22.3451,100
779,85.7143,85.7143,42.8571,100
780,3.2967,39.5604,100,5.49451
781,64.2298,81.7232,68.1462,79.1123
782,85.7143,100,80.9524,90.4762
783,9.61538,73.5577,100,18.2692
784,21.0744,100,85.9504,31.405
785,13.7519,100,98.2063,45.8894
786,20.1835,82.5688,82.5688,32.1101
787,27.1698,100,83.7736,44.1509
788,96.5636,69.4158,32.3024,100
789,59.0909,50,22.7273,63.6364
790,21.5385,100,69.2308,43.0769
791,9.52381,100,90.4762,21.4286
792,64.0351,49.1228,27.193,100
793,8.47458,88.1356,100,16.9492
794,7.5,60,85,15
795,100,22.6592,10.206,92.6966
796,85.1852,22.2222,11.1111,70.3704
797,66.6667,88.8889,38.8889,72.2222
798,31.25,50,62.5,68.75
799,82.8402,58.8757,38.0178,100
800,50,87.5,25,100
801,100,37.8657,19.5016,95.9372
802,50.9804,72.549,66.6667,58.8235
803,47.1281,94.7717,66.4948,82.8424
804,46.3415,93.9024,54.878,87.8049
805,90.8745,51.711,36.8821,100
806,6.81818,75,88.6364,13.6364
807,16.156,64.2061,100,20.195
808,12.6761,92.9577,76.0563,42.2535
809,61.5883,54.7002,33.3063,100
810,59.6084,95.2864,75.562,82.6686
811,95.7983,49.8199,30.012,99.6399
812,76.4535,54.1667,33.0426,100
813,70.5905,96.3238,83.8483,89.9101
814,14.3284,100,86.5672,21.194
815,66.1972,77.4648,60.5634,100
816,61.1111,44.4444,77.7778,88.8889
817,50,100,79.4118,70.5882
818,12.8205,100,67.9487,26.9231
819,37.7129,87.8345,91.8491,44.7689
820,47.5,77.5,50,100
821,8.33333,75,100,30.5556
822,66.3573,100,78.1903,87.703
823,19.5833,92.5,62.9167,25.8333
824,100,33.6449,10.2804,88.785
825,35.461,68.7943,59.5745,52.4823
826,53.0303,96.9697,46.9697,74.2424
827,100,43.6997,16.622,93.0295
828,12.5,83.3861,100,24.2089
829,18.1818,67.3114,90.7157,27.853
830,65.1376,60.5505,34.8624,100
831,68.7552,84.7118,52.8822,86.6332
832,94.2857,28.5714,20,100
833,63.1579,94.7368,94.7368,63.1579
834,26.5625,71.875,100,31.25
835,25.2115,100,90.5245,56.6836
836,98.9216,33.3824,17.7941,95.6373
837,10.5263,100,84.2105,36.8421
838,51.5152,75.7576,57.5758,72.7273
839,49.6575,79.1096,38.6986,84.2466
840,90.6542,28.972,17.757,76.6355
841,8.33333,98.6111,58.3333,19.4444
842,6.66667,44.4444,100,11.1111
843,72.6431,88.7193,53.842,94.3324
844,94.5205,63.0137,50.2283,88.1279
845,79.3991,81.2589,34.7639,100
846,13.0435,56.5217,91.3043,13.0435
847,95.3125,42.1875,31.25,89.0625
848,100,45.4545,18.1818,100
849,7.35294,82.3529,91.1765,30.8824
850,15.942,100,54.3478,28.9855
851,22.884,94.6708,49.2163,56.1129
852,40,70,40,50
853,90.9091,100,63.6364,72.7273
854,65.2174,84.7826,67.3913,82.6087
855,16.1983,100,78.4298,27.2727
856,96.7213,21.3115,9.83607,100
857,93.1818,47.7273,18.1818,100
858,18.5185,96.2963,66.6667,37.037
859,20.4082,100,91.8367,53.0612
860,9.33333,69.3333,100,17.3333
861,43.0567,84.2378,62.5698,43.336
862,3.7037,39.2593,100,6.66667
863,1.5873,30.1587,100,4.7619
864,2.96736,33.8279,100,8.30861
865,8.23529,63.7647,100,16.9412
866,80.3571,92.4107,42.8571,100
867,85.205,81.2834,38.6809,100
868,65.2899,65.2899,39.058,100
869,9.50533,65.8584,100,11.7362
870,10.4167,52.0833,100,22.9167
871,7.54717,66.0377,86.7925,24.5283
872,73.43,78.744,57.971,100
873,25.7946,100,45.8435,41.8093
874,9.09091,100,9.09091,13.6364
875,64,100,56,96
876,82.2686,86.3619,39.6901,94.5677
877,44.4904,99.449,50.6887,70.7989
878,94.7959,32.0408,23.3333,86.6327
879,92.7014,45.2603,27.3253,100
880,36.3636,36.3636,81.8182,36.3636
881,9.00901,100,93.6937,22.5225
882,69.1589,63.0841,39.7196,71.9626
883,100,64.7059,11.7647,52.9412
884,7.69231,92.3077,74.359,25.641
885,100,36.6234,23.8961,90.6494
886,27.2727,67.2727,42.7273,31.8182
887,10,56.6667,90,13.3333
888,100,32.1019,15.414,93.3758
889,92.9941,62.3265,35.6246,100
890,100,76.4706,88.2353,88.2353
891,78.5714,71.4286,7.14286,92.8571
892,11.7171,100,52.4925,16.1909
893,9.375,46.875,89.0625,17.1875
894,20,87,87,46
895,1.26183,36.5931,100,5.67823
896,3.57143,64.2857,100,9.52381
897,68.8702,73.4976,39.2428,86.3582
898,12.4324,73.2432,100,31.3514
899,0,100,85.7143,21.4286
900,91.1392,69.6203,34.1772,81.0127
901,70,28,18,100
902,13.3085,95.398,99.8756,34.9502
903,89.4737,52.6316,26.3158,100
904,10,83.125,100,26.25
905,96.129,87.7419,52.9032,100
906,85.2941,39.7059,17.6471,95.5882
907,83.3333,83.3333,33.3333,100
908,100,30.1724,15.5172,96.5517
909,37.6238,91.0891,57.4257,70.297
910,93.722,69.5067,40.8072,100
911,21.4558,50.8088,100,39.1532
912,18.3673,85.9694,100,36.2245
913,100,55.5189,27.1698,86.7925
914,100,61.9718,24.6479,99.5305
915,3.0303,72.7273,100,9.09091
916,13.6752,82.0513,100,21.3675
917,84.5455,62.7273,39.0909,100
918,17.0213,68.0851,82.9787,19.1489
919,23.8095,85.7143,80.9524,38.0952
920,75.3086,66.6667,39.5062,83.9506
921,4.54545,70.0535,100,14.1711
922,83.3333,23.3333,16.6667,66.6667
923,17.4663,83.4045,89.9437,22.981
924,20,100,76.6667,20
925,100,66.3551,24.2991,99.0654
926,100,27.8409,13.6364,88.6364
927,96.4286,41.6667,28.5714,100
928,46.3576,78.8079,58.2781,61.5894
929,30.5,100,37,47.5
930,87.8378,77.027,33.7838,100
931,10.6438,88.3262,94.9356,20.6867
932,9.0573,83.1793,100,18.1146
933,74.1468,56.9804,25.3361,100
934,21.3483,100,71.161,43.4457
935,83.0601,43.1694,27.8689,86.8852
936,32,68,48,36
937,47.8261,47.8261,56.5217,60.8696
938,96.7742,38.0645,21.9355,100
939,83.6364,23.6364,14.5455,100
940,33.6406,100,93.5484,52.0737
941,23.8095,71.4286,76.1905,23.8095
942,20.9964,91.1032,71.1744,40.9253
943,20.7792,94.8052,80.5195,40.2597
944,82.6923,42.5481,44.2308,96.875
945,40.7407,48.1481,22.2222,100
946,6.40244,59.4512,100,9.60366
947,70,80,40,70
948,90,90,60,100
949,31.2741,100,67.9537,43.6293
950,18.1818,68.1818,81.8182,22.7273
951,66.1786,64.8609,43.0454,100
952,100,51.0204,22.449,88.7755
953,52.6646,100,65.2038,80.5643
954,24.1071,74.1071,66.9643,51.7857
955,2,75,100,17
956,36.4286,100,62.1429,62.1429
957,95.7507,32.0113,23.796,100
958,16,88,88,52
959,98.6014,43.3566,17.8322,100
960,23.0769,61.5385,23.0769,100
961,31.725,94.7786,56.9729,53.2716
962,55.2966,100,58.0508,75
963,94.4664,40.3162,21.7391,100
964,56.3025,100,83.1933,96.6387
965,66.5025,100,63.5468,92.1182
966,15.2381,56.1905,97.1429,13.3333
967,75.6332,54.4105,33.3624,87.7729
968,13.7815,100,78.3193,28.4034
969,93.1767,45.8613,22.7069,100
970,39.7872,87.6596,99.1489,73.4043
971,5.2799,64.631,100,14.1858
972,100,45.4545,27.2727,93.9394
973,36.8421,78.9474,63.1579,42.1053
974,35.9375,86.4583,80.2083,57.8125
975,75,28.5714,21.4286,100
976,5.55556,100,53.7037,25.9259
977,70.7407,65.1852,41.8519,76.2963
978,100,46.6619,26.2429,97.4077
979,94.0678,45.7627,28.8136,100
980,85.7143,79.5031,36.0248,100
981,59.7598,84.985,62.4625,91.8919
982,75,66.6667,16.6667,100
983,6.25,40.625,90.625,12.5
984,21.1326,100,99.0331,37.8453
985,23.5623,89.0575,73.4026,37.8594
986,18.6594,97.1014,69.3841,31.3406
987,43.5845,94.0937,78.6151,83.0957
988,86.2963,54.4444,25.9259,100
989,100,36.9527,16.5499,94.2207
990,30.5994,100,77.7603,77.2871
991,79.2809,95.4906,63.1322,91.8342
992,9.92908,70.2128,100,17.0213
993,14.2857,100,93.8776,30.6122
994,57.1429,100,50,89.2857
995,68.3761,88.8889,41.0256,98.2906
996,83.5689,100,49.2933,85.689
997,76.1019,56.3173,32.3213,100
998,52.5046,83.6735,52.2263,70.1299
999,21.6667,71.6667,100,40
1000,58.209,55.2239,41.791,100
1001,5.26316,100,88.1579,14.4737
1002,12.3288,97.2603,89.0411,36.9863
1003,52.9412,82.3529,64.7059,88.2353
1004,0,93.3333,73.3333,10
1005,34.7826,52.1739,13.0435,69.5652
1006,100,75,33.3333,83.3333
1007,12.2807,80.7018,98.2456,29.8246
1008,17.014,95.6682,78.3,24.8195
1009,69.5377,85.7784,48.3906,80.8818
1010,92.5389,38.5447,22.0142,96.7572
1011,44.9782,100,73.3624,67.6856
1012,10,30,80,10
1013,6.53409,73.2955,100,21.3068
1014,17.8571,96.4286,80,37.8571
1015,71.4286,70.1299,55.8442,63.6364
1016,93.4426,55.7377,39.3443,90.1639
1017,44.6347,79.1667,82.5913,74.4863
1018,16.7824,61.267,100,16.6435
1019,96.7033,59.3407,29.1209,100
1020,34.486,98.0374,58.0374,76.8224
1021,6.84931,67.1233,100,20.5479
1022,0,90,60,0
1023,20.8333,95.8333,50,45.8333
1024,91.9156,49.7364,37.7856,100
1025,46.2687,89.5522,59.7015,100
1026,31.576,97.6757,56.1791,58.6735
1027,37.6476,94.9279,76.0385,50.8526
1028,40.2516,97.327,72.956,67.4528
1029,30.2796,98.5723,100,58.834
1030,88.4498,77.5076,37.0821,100
1031,20.4176,94.7796,79.5824,38.8631
1032,4.49521,48.4893,100,9.80103
1033,100,48.913,22.9933,77.1739
1034,100,41.5929,15.9292,91.1504
1035,45.7143,65.7143,34.2857,85.7143
1036,79.7619,83.3333,51.1905,100
1037,87.3449,42.3077,27.1712,100
1038,12.7273,100,96.3636,38.1818
1039,54.4065,95.4137,59.1727,93.0755
1040,94.3152,62.9199,47.5452,100
1041,29.4521,100,77.3973,60.9589
1042,23.2673,100,81.1881,67.3267
1043,15.5556,84.4444,80,20
1044,67.6136,57.9545,22.7273,70.4545
1045,28.8673,95.6991,92.0354,58.2832
1046,90.3974,66.5563,36.0927,100
1047,26.6846,100,90.8356,52.5606
1048,58.7031,90.785,34.1297,83.959
1049,67.5676,37.8378,5.40541,91.8919
1050,7.5,70,100,10
1051,35.4167,100,75,39.5833
1052,15.6627,100,76.2048,28.1124
1053,4,46,100,16
1054,87.6289,73.1959,26.8041,100
1055,85.2941,55.8824,42.6471,100
1056,91.6914,41.8398,18.6944,100
1057,52.1818,100,66.3636,74.3636
1058,29.6296,81.4815,70.3704,37.037
1059,21.988,98.7952,65.6627,55.4217
1060,62.4161,88.5906,50.6711,97.3154
1061,14.9425,78.1609,49.4253,39.0805
1062,75,87.8571,50.7143,100
1063,5.88235,41.1765,58.8235,17.6471
1064,24.3056,86.8056,100,60.4167
1065,23.0769,73.0769,84.6154,42.3077
1066,95.2381,50.7937,25.3968,96.8254
1067,100,21.8286,11.6571,76.4571
1068,11.3636,100,59.0909,20.4545
1069,7.24638,72.4638,65.2174,11.5942
1070,45.4545,100,31.8182,77.2727
1071,28.7785,96.6874,90.0621,37.06
1072,14.2857,71.4286,85.7143,14.2857
1073,31.0345,68.9655,48.2759,68.9655
1074,78.5714,78.5714,50,78.5714
1075,13,82.4,100,29.6
1076,100,63.6364,54.5455,81.8182
1077,22.2222,77.7778,83.3333,27.7778
1078,66.6667,83.3333,83.3333,100
1079,5.38758,49.3678,100,10.8301
1080,69.3989,90.1639,65.5738,100
1081,36.3636,98.9899,56.5657,62.6263
1082,70.8738,59.2233,33.0097,86.4078
1083,53.5714,78.5714,14.2857,100
1084,27.7778,72.2222,94.4444,55.5556
1085,98.2857,46.2857,31.4286,100
1086,100,20,30,90
1087,96.2963,55.5556,40.7407,100
1088,28.2051,100,92.3077,64.1026
1089,81.25,40.625,25,100
1090,100,70.3704,59.2593,96.2963
1091,99.1667,35.8333,16.6667,100
1092,13.9535,95.3488,91.8605,30.2326
1093,100,26,12.2,94.6
1094,76.9231,78.9941,56.213,100
1095,11.9048,80.9524,88.0952,21.4286
1096,31.0734,81.3559,33.3333,42.9379
1097,49.8529,72.0588,51.3235,76.3235
1098,100,33.0544,12.1339,82.8452
1099,100,27.459,13.9344,84.8361
1100,69.7425,52.1459,42.9185,81.9742
1101,7.5,100,70,15
1102,55.3571,17.8571,16.0714,51.7857
1103,19.8049,87.6098,91.0244,33.1707
1104,22.9167,68.75,77.0833,52.0833
1105,30.2521,72.2689,78.1513,47.0588
1106,73.7705,72.1311,60.6557,93.4426
1107,35.4167,100,58.3333,57.2917
1108,48.5786,87.7294,68.118,51.0255
1109,100,59.3268,39.6914,94.2496
1110,6.38298,44.6809,96.8085,11.7021
1111,4,34.4,100,8
1112,35.7143,100,85.7143,71.4286
1113,34.7215,100,57.5987,63.8724
1114,20.6081,100,76.0135,39.8649
1115,14.5663,95.4173,98.8543,35.9793
1116,93.1624,47.8632,25.641,100
1117,99.0876,21.5328,10.219,93.7956
1118,80,58.4615,40,100
1119,67.0732,65.4726,41.6159,83.689
1120,70.8995,34.9206,29.1005,73.545
1121,2.45902,62.2951,100,12.2951
1122,19.9203,97.2112,65.3386,43.8247
1123,49.1228,82.4561,68.4211,75.4386
1124,91.9192,41.4141,17.1717,100
1125,17.8571,53.5714,64.2857,67.8571
1126,22.2222,100,97.5309,35.8025
1127,35.1899,82.5316,51.1392,62.0253
1128,93.75,34.375,21.3542,76.5625
1129,83.1418,63.9847,35.6322,100
1130,11.3924,100,88.6076,20.2532
1131,21.4768,97.6706,97.4144,34.9639
1132,90.1786,33.0357,24.1071,100
1133,81.203,48.1203,44.3609,100
1134,82.2404,31.1475,18.306,100
1135,11.1111,94.4444,55.5556,50
1136,72,68,52,72
1137,8.5034,82.9932,99.6599,36.7347
1138,14.2857,100,43.956,43.956
1139,100,21.4076,11.1437,91.9844
1140,69.6833,80.543,37.2549,84.917
1141,83.3333,100,46.5517,89.0805
1142,68.599,100,56.0386,90.8213
1143,90.9091,68.1818,36.3636,100
1144,91,69,46,95
1145,54.7619,66.6667,57.1429,85.7143
1146,93.1034,75.8621,50,100
1147,14.4201,86.2069,99.373,28.8401
1148,13.5135,78.3784,56.7568,18.9189
1149,17.4425,76.672,95.3451,21.8834
1150,20.3704,100,94.4444,29.6296
1151,5.88235,100,79.4118,26.4706
1152,15,85,50,80
1153,80.4769,47.541,22.9508,100
1154,31.25,87.5,100,43.75
1155,50.4176,100,53.7585,76.7654
1156,96.875,46.875,28.125,100
1157,87.2038,41.2322,18.0095,100
1158,92.1569,56.8627,27.451,86.2745
1159,84.1935,67.4194,23.871,100
1160,100,50,45.8333,79.1667
1161,93.0693,58.4158,32.0132,100
1162,70.6522,40.2174,42.3913,90.2174
1163,100,25.2427,16.5049,100
1164,8.69565,100,47.8261,30.4348
1165,23.5294,100,82.3529,47.0588
1166,70.3971,93.1408,66.065,100
1167,19.3548,94.6237,73.1183,24.7312
1168,56.5979,85.1031,51.6495,69.433
1169,69.2308,53.8462,53.8462,61.5385
1170,96,64,36,100
1171,88.2353,74.4385,47.2727,100
1172,17.7083,85.6771,96.0938,43.4896
1173,22.6415,84.9057,77.3585,49.0566
1174,39.5833,62.5,64.5833,52.0833
1175,92.7273,79.0909,40.9091,100
1176,80.6647,69.1843,35.9517,100
1177,80.6452,61.2903,41.9355,96.7742
1178,76.176,69.7735,35.7578,100
1179,96.5517,50,31.0345,100
1180,100,46.3415,19.5122,98.7805
1181,100,72.9564,47.7566,86.1709
1182,63.6364,70.4545,77.2727,90.9091
1183,37.7163,94.4637,60.5536,59.1696
1184,79.7468,91.1392,59.4937,87.3418
1185,100,38.8889,33.3333,77.7778
1186,14.3062,100,96.4235,40.8441
1187,16.5888,94.8598,100,42.0561
1188,86.2069,41.3793,13.7931,100
1189,15.9754,100,98.4639,33.0261
1190,100,5,5,90
1191,34.5238,100,48.8095,44.0476
1192,87.6428,53.6864,32.3988,100
1193,19.2308,57.6923,73.0769,30.7692
1194,69.2308,61.5385,38.4615,100
1195,15.5556,60,95.5556,24.4444
1196,23.1235,100,83.293,36.8039
1197,52.1509,84.8556,48.1438,64.2899
1198,27.907,81.3953,100,41.8605
1199,47.1429,100,88.5714,75.2381
1200,11.1842,89.693,100,32.4561
1201,11.8896,80.2548,97.4522,31.4225
1202,100,33.3333,16.6667,75
1203,22.9688,86.4062,100,30.9375
1204,100,51.9874,26.3722,85.9937
1205,100,32.555,14.2762,88.3256
1206,100,51.9608,36.2745,94.1176
1207,45.478,100,70.2842,77.0026
1208,100,30.989,14.0659,98.022
1209,78.6885,44.2623,32.7869,100
1210,100,62.5,54.1667,83.3333
1211,18,70,82,32
1212,15.0685,73.9726,82.1918,23.2877
1213,81.295,100,53.2374,99.2806
1214,20,44,100,52
1215,77.6119,80.597,64.1791,74.6269
1216,69.2308,86.2876,48.495,74.2475
1217,24.4444,91.1111,68.8889,40
1218,52.9412,91.1765,76.4706,92.6471
1219,85.4545,66.1039,35.1948,100
1220,100,50.6024,19.759,94.6988
1221,70.8333,36.1111,41.6667,88.8889
1222,10,100,50,10
1223,47.3684,78.9474,26.3158,78.9474
1224,6.97674,72.093,100,27.907
1225,97.6285,34.7826,21.7391,99.6047
1226,53.7143,97.7143,80.1429,74
1227,10.3917,78.9324,100,25.8686
1228,77.1706,88.2533,55.4137,100
1229,99.3548,38.0645,17.4194,100
1230,12.5,78.125,100,46.875
1231,38.2488,92.6267,44.7005,75.1152
1232,76.6667,44.4444,17.7778,100
1233,100,56.6092,29.5977,95.6897
1234,89.5833,40.4167,20.4167,95.4167
1235,54,67,64,63
1236,95.2191,45.2191,22.1116,100
1237,9.72447,79.2545,84.2788,21.3938
1238,93.3962,41.5094,18.8679,100
1239,94.5205,39.726,20.5479,100
1240,82.8571,31.4286,37.1429,91.4286
1241,10.7143,96.4286,100,35.7143
1242,85.4321,41.7284,24.4444,100
1243,80,40,13.3333,86.6667
1244,1.66667,33.3333,100,10
1245,81.8182,38.756,18.6603,100
1246,67.5,100,67.5,97.5
1247,100,45.3333,13.5556,98.6667
1248,70.5882,92.1569,50.9804,74.5098
1249,56.9444,72.2222,44.4444,56.9444
1250,10,100,55,15
1251,21.4286,78.5714,95.5357,49.1071
1252,98.4465,29.2658,18.9927,90.4034
1253,77.5248,89.4059,54.1584,86.0396
1254,95.4545,40.1515,27.2727,90.1515
1255,74.5098,72.8758,49.3464,80.719
1256,8.81356,71.1864,100,19.661
1257,10.8108,87.6448,100,24.7104
1258,100,44.4068,21.3559,97.9661
1259,89.7756,46.6334,34.6633,88.2793
1260,84.375,68.75,31.25,96.875
1261,100,41.6667,8.33333,66.6667
1262,35.5932,100,74.5763,44.0678
1263,54.5455,81.8182,90.9091,90.9091
1264,92.3288,46.7123,29.589,100
1265,38.6792,69.8113,69.8113,45.283
1266,14.6667,72,58.6667,36
1267,100,65.5879,34.9802,97.3567
1268,100,33.3333,27.7778,83.3333
1269,87.0968,26.8817,19.3548,88.172
1270,95.4704,43.9024,14.6341,100
1271,99.5796,40.1638,22.7927,100
1272,87.3684,23.5088,12.4561,70.5263
1273,94.1176,47.0588,23.5294,97.0588
1274,100,65.625,37.5,87.5
1275,88.7663,82.1464,44.5838,100
1276,30.5195,93.9935,94.3182,49.3506
1277,71.4286,74.7619,36.1905,100
1278,26.4448,100,74.0806,44.1331
1279,16.6667,75,83.3333,54.1667
1280,100,23.0303,13.3333,83.0303
1281,72,64,32,100
1282,16.8675,73.494,65.0602,26.506
1283,9.02778,67.3611,100,24.6528
1284,93.1507,38.3562,12.3288,100
1285,100,32.7178,17.0455,96.8277
1286,14.0351,100,82.4561,28.0702
1287,72.3077,61.5385,33.8462,100
1288,94.717,37.7358,23.0189,100
1289,92.4901,49.4071,20.9486,100
1290,18.75,100,56.25,34.375
1291,15.3846,92.3077,100,39.7436
1292,31.1606,100,93.6407,69.7933
1293,51.7857,90.4762,50,70.8333
1294,26.1905,100,60.7143,53.5714
1295,66.0131,88.2353,46.4052,100
1296,82.4818,75.9124,44.5255,100
1297,20.4545,75,63.6364,27.2727
1298,43.3962,79.2453,88.6792,84.9057
1299,51.7241,17.2414,17.2414,75.8621
1300,33.5878,100,96.7557,68.1298
1301,96.75,28.75,16.5,100
1302,90,30,40,80
1303,60,72,52,100
1304,86.6667,60,33.3333,100
1305,83.6077,51.7538,33.5004,95.6335
1306,71.9512,100,52.439,81.7073
1307,26.4706,82.3529,64.7059,41.1765
1308,40.3537,76.8489,63.5048,64.791
1309,43.4402,85.7143,58.0175,59.7668
1310,24.5,100,87.5,59
1311,100,29.0541,14.1892,99.3243
1312,66.6667,80,56.6667,100
1313,6.12245,75.5102,100,18.3673
1314,33.3333,100,88.8889,66.6667
1315,71.6535,85.8268,41.7323,100
1316,51.6129,100,83.871,67.7419
1317,12.224,98.0284,100,35.4101
1318,90.566,39.6226,25,100
1319,46.1538,56.9231,27.6923,100
1320,22.0089,97.1935,56.13,43.4269
1321,97.0588,94.1176,80.8824,100
1322,100,54.4199,25.1381,97.3757
1323,100,28.0255,13.0818,93.6306
1324,9.67742,68.8172,91.3978,25.8065
1325,5.45917,46.8425,100,10.4326
1326,33.3333,100,90.4762,33.3333
1327,100,57.6923,19.2308,96.1538
1328,87.1795,54.4872,18.5897,100
1329,74.3758,58.4757,38.2392,88.3049
1330,75.2033,78.0488,38.6179,100
1331,100,11.0927,5.7947,90.3974
1332,100,32.3935,16.416,91.3534
1333,78.4314,77.451,81.3725,93.1373
1334,68.3468,90.121,45.9677,100
1335,4.4035,63.8958,100,13.5026
1336,46.2963,77.7778,48.1481,68.5185
1337,100,25.5639,22.5564,85.7143
1338,84.058,98.5507,62.8986,92.7536
1339,44.8598,72.8972,49.5327,76.6355
1340,85.9375,29.6875,23.4375,64.0625
1341,98.2906,46.1538,19.6581,100
1342,89.3023,95.814,66.9767,100
1343,5.40541,83.7838,56.7568,10.8108
1344,77.3585,43.3962,27.3585,82.0755
1345,55.5556,25.9259,11.1111,62.963
1346,63.2902,93.6782,59.4109,80.1724
1347,28.8889,80,91.1111,37.7778
1348,87.5,29.1667,25,70.8333
1349,98.3979,68.3578,30.7076,100
1350,49.0566,90.566,69.8113,54.717
1351,22.0588,100,70.5882,41.9118
1352,95.8333,54.1667,58.3333,87.5
1353,65,10,20,80
1354,59.4595,79.7297,51.3514,79.7297
1355,47.0024,94.964,55.8753,66.1871
1356,37.5,87.5,100,37.5
1357,30.4348,34.7826,21.7391,86.9565
1358,75.5556,73.3333,35.5556,88.8889
1359,94.6429,50,32.1429,93.4524
1360,100,30.3279,13.9344,98.3607
1361,48.5714,62.8571,91.4286,71.4286
1362,57.8947,100,52.6316,47.3684
1363,15.7895,100,68.4211,47.3684
1364,63.8889,57.1759,31.4815,95.8333
1365,33.3333,100,59.2593,59.2593
1366,9.18114,87.0968,100,22.8288
1367,70.3704,33.3333,37.037,77.7778
1368,20.339,100,96.6102,76.2712
1369,83.4395,87.2611,49.0446,100
1370,100,33.3333,25,83.3333
1371,58.0645,45.1613,51.6129,87.0968
1372,96.292,44.0324,29.0846,100
1373,15.7895,89.4737,73.6842,42.1053
1374,73.9496,33.6134,20.1681,61.3445
1375,25.9124,67.1533,75.1825,33.9416
1376,54.4,72.8,42.4,74.4
1377,20.7792,94.8052,74.026,61.039
1378,87.5,37.5,17.5,100
1379,94.1281,42.1708,21.6192,100
1380,50,73.3333,76.6667,73.3333
1381,88.0952,55.9524,34.5238,100
1382,90.5627,71.3336,28.755,100
1383,84.2105,100,100,84.2105
1384,29.1667,100,45.8333,35.4167
1385,88.4817,61.7801,37.1728,99.4764
1386,66.6667,80.9524,61.9048,76.1905
1387,95.4545,59.0909,31.8182,86.3636
1388,72.4138,59.7701,57.4713,100
1389,81.25,80.5556,52.0833,80.5556
1390,96.8397,55.0038,22.5734,100
1391,3.22581,56.4516,100,14.5161
1392,91.0448,79.1045,64.1791,100
1393,13.3333,100,33.3333,26.6667
1394,71.4286,21.4286,28.5714,78.5714
1395,87.191,34.382,13.9326,100
1396,100,32.8467,13.2603,97.9319
1397,100,31.0606,28.7879,87.1212
1398,61.1111,50,50,72.2222
1399,97.4359,64.1026,45.2991,89.7436
1400,89.2196,77.9566,40.1448,100
1401,86.6667,73.3333,53.3333,100
1402,31.6151,90.378,84.1924,65.9794
1403,55.8537,78.0488,33.9024,91.2195
1404,98.6348,39.6758,20.0512,100
1405,9.09091,72.7273,100,19.4805
1406,15,83.8889,83.3333,35
1407,60,60,13.3333,86.6667
1408,98.2759,55.1724,32.7586,100
1409,63.6364,90.9091,81.8182,72.7273
1410,70.3375,63.2327,36.5897,100
1411,100,25.641,12.8205,74.359
1412,82.5397,50.7937,60.3175,100
1413,100,33.3333,33.3333,76.6667
1414,9.11528,72.3861,100,14.7453
1415,100,33,18,97.8667
1416,100,28.5714,26.7857,89.2857
1417,85.5422,71.0843,42.8916,100
1418,75,31.25,25,100
1419,75,100,56.25,93.75
1420,84.7926,68.4332,56.682,100
1421,100,27.027,13.7592,99.2629
1422,80,70,40,90
1423,80.7692,53.8462,34.6154,96.1538
1424,100,73.7864,22.3301,99.0291
1425,100,63.6364,42.4242,100
1426,67.5676,29.7297,16.2162,75.6757
1427,70,20,10,90
1428,20.8333,100,70.8333,45.8333
1429,68.5714,54.2857,41.4286,100
1430,97.0297,44.0594,32.6733,96.5347
1431,100,36.2637,14.2857,91.2088
1432,30.9859,100,42.2535,38.0282
1433,66.5493,75,48.5915,80.9859
1434,95.8144,75.8951,31.0136,100
1435,71.4286,83.1169,35.0649,100
1436,13.6364,90.9091,50,18.1818
1437,83.3333,35.7143,21.4286,76.1905
1438,30.137,93.1507,93.1507,47.9452
1439,54.5455,81.8182,72.7273,100
1440,64.2857,90.4762,61.9048,69.0476
1441,95.3488,48.8372,34.8837,90.6977
1442,90.4762,42.8571,42.8571,90.4762
1443,50.9259,78.7037,71.2963,67.5926
1444,22.2222,100,80.5556,41.6667
1445,100,42.2764,16.2602,91.0569
1446,100,48.3283,28.8754,96.0486
1447,71.4286,31.4286,25.7143,100
1448,96.3636,67.2727,70.9091,96.3636
1449,95.4545,71.8182,30,100
1450,64.2857,92.8571,35.7143,85.7143
1451,45.9459,78.3784,51.3514,100
1452,95,40,50,100
1453,54.1667,62.5,45.8333,100
1454,71.7391,89.1304,82.6087,89.1304
1455,100,75,100,87.5
1456,82.6087,47.8261,43.4783,82.6087
1457,62.6263,56.5657,33.8384,100
1458,80.3571,82.1429,40.1786,100
1459,68.9655,27.5862,31.0345,65.5172
1460,28,80,72,60
1461,100,29.7546,22.0859,88.0368
1462,16.6667,66.6667,100,35.7
1463,93.1818,52.2727,18.1818,100
1464,100,49.1667,40.8333,90.8333
1465,87.5,62.5,62.5,87.5
1466,40,70,70,50
1467,53.6585,100,53.6585,70.7317
1468,65.5172,89.6552,62.069,65.5182
1469,99.5192,47.5962,40.8654,90.3846
1470,80,20,0,100
1471,100,33.8889,27.7778,77.7778
1472,89.4118,45.8824,31.7647,98.8235
1473,5.5556,100,55.5556,11.1111
1474,78.9474,57.8947,78.9474,78.9474
1475,62.5,87.5,62.5,100
